INSERT INTO users (username, email) VALUES ('user01', 'user01@example.com');
INSERT INTO users (username, email) VALUES ('user02', 'user02@example.com');
INSERT INTO users (username, email) VALUES ('user03', 'user03@example.com');
INSERT INTO users (username, email) VALUES ('user04', 'user04@example.com');
INSERT INTO users (username, email) VALUES ('user05', 'user05@example.com');
INSERT INTO users (username, email) VALUES ('user06', 'user06@example.com');
INSERT INTO users (username, email) VALUES ('user07', 'user07@example.com');
INSERT INTO users (username, email) VALUES ('user08', 'user08@example.com');
INSERT INTO users (username, email) VALUES ('user09', 'user09@example.com');
INSERT INTO users (username, email) VALUES ('user10', 'user10@example.com');
INSERT INTO users (username, email) VALUES ('user11', 'user11@example.com');
INSERT INTO users (username, email) VALUES ('user12', 'user12@example.com');
INSERT INTO users (username, email) VALUES ('user13', 'user13@example.com');
INSERT INTO users (username, email) VALUES ('user14', 'user14@example.com');
INSERT INTO users (username, email) VALUES ('user15', 'user15@example.com');
INSERT INTO users (username, email) VALUES ('user16', 'user16@example.com');
INSERT INTO users (username, email) VALUES ('user17', 'user17@example.com');
INSERT INTO users (username, email) VALUES ('user18', 'user18@example.com');
INSERT INTO users (username, email) VALUES ('user19', 'user19@example.com');
INSERT INTO users (username, email) VALUES ('user20', 'user20@example.com');


INSERT INTO categories (name, description) VALUES ('Electronics', 'Smartphones, laptops, accessories');
INSERT INTO categories (name, description) VALUES ('Books', 'Fiction, non-fiction, educational');
INSERT INTO categories (name, description) VALUES ('Clothing', 'Men, women, and children apparel');
INSERT INTO categories (name, description) VALUES ('Home & Kitchen', 'Furniture, utensils, decor');
INSERT INTO categories (name, description) VALUES ('Sports', 'Fitness equipment, sportswear');

INSERT INTO products (name, description, price, stock, category_id) VALUES ('iPhone 15', 'Latest Apple smartphone', 999.99, 50, 1);
INSERT INTO products (name, description, price, stock, category_id) VALUES ('Samsung Galaxy S24', 'Android flagship', 899.99, 40, 1);
INSERT INTO products (name, description, price, stock, category_id) VALUES ('MacBook Pro 16"', 'Powerful laptop for pros', 2499.99, 20, 1);
INSERT INTO products (name, description, price, stock, category_id) VALUES ('Dell XPS 13', 'Ultra portable business laptop', 1199.99, 25, 1);
INSERT INTO products (name, description, price, stock, category_id) VALUES ('iPad Air', 'Lightweight tablet', 599.99, 60, 1);
INSERT INTO products (name, description, price, stock, category_id) VALUES ('Harry Potter Set', 'Complete 7-book collection', 89.99, 100, 2);
INSERT INTO products (name, description, price, stock, category_id) VALUES ('The Alchemist', 'Paulo Coelho bestseller', 12.99, 200, 2);
INSERT INTO products (name, description, price, stock, category_id) VALUES ('Atomic Habits', 'Self-improvement guide', 14.99, 150, 2);
INSERT INTO products (name, description, price, stock, category_id) VALUES ('Dune', 'Sci-fi classic by Frank Herbert', 16.99, 120, 2);
INSERT INTO products (name, description, price, stock, category_id) VALUES ('T-Shirt Cotton White', 'Comfortable everyday wear', 19.99, 300, 3);
INSERT INTO products (name, description, price, stock, category_id) VALUES ('Jeans Slim Fit Blue', 'Classic denim jeans', 49.99, 150, 3);
INSERT INTO products (name, description, price, stock, category_id) VALUES ('Running Shoes Nike', 'Lightweight for jogging', 89.99, 80, 3);
INSERT INTO products (name, description, price, stock, category_id) VALUES ('Yoga Mat', 'Non-slip exercise mat', 29.99, 120, 5);
INSERT INTO products (name, description, price, stock, category_id) VALUES ('Dumbbell Set 10kg', 'Adjustable weight set', 199.99, 40, 5);
INSERT INTO products (name, description, price, stock, category_id) VALUES ('Coffee Maker', 'Automatic drip machine', 79.99, 70, 4);
INSERT INTO products (name, description, price, stock, category_id) VALUES ('Air Fryer', 'Healthy oil-free frying', 129.99, 50, 4);
INSERT INTO products (name, description, price, stock, category_id) VALUES ('Blender 1000W', 'Powerful kitchen blender', 59.99, 90, 4);
INSERT INTO products (name, description, price, stock, category_id) VALUES ('Desk Lamp LED', 'Adjustable brightness', 35.99, 110, 4);
INSERT INTO products (name, description, price, stock, category_id) VALUES ('Water Bottle 1L', 'Stainless steel insulated', 25.99, 200, 5);
INSERT INTO products (name, description, price, stock, category_id) VALUES ('Backpack Waterproof', 'For hiking and travel', 69.99, 80, 5);

INSERT INTO user_addresses (user_id, address_line, city, postal_code, country, is_default) VALUES (1, '123 Main St', 'Beijing', '100001', 'China', TRUE);
INSERT INTO user_addresses (user_id, address_line, city, postal_code, country, is_default) VALUES (2, '456 Oak Ave', 'Shanghai', '200001', 'China', TRUE);
INSERT INTO user_addresses (user_id, address_line, city, postal_code, country, is_default) VALUES (3, '789 Pine Rd', 'Guangzhou', '510001', 'China', FALSE);
INSERT INTO user_addresses (user_id, address_line, city, postal_code, country, is_default) VALUES (4, '321 Elm Blvd', 'Shenzhen', '518001', 'China', TRUE);
INSERT INTO user_addresses (user_id, address_line, city, postal_code, country, is_default) VALUES (5, '654 Cedar Ln', 'Hangzhou', '310001', 'China', TRUE);
INSERT INTO user_addresses (user_id, address_line, city, postal_code, country, is_default) VALUES (6, '987 Maple Dr', 'Chengdu', '610001', 'China', FALSE);
INSERT INTO user_addresses (user_id, address_line, city, postal_code, country, is_default) VALUES (7, '147 Birch St', 'Chongqing', '400001', 'China', TRUE);
INSERT INTO user_addresses (user_id, address_line, city, postal_code, country, is_default) VALUES (8, '258 Spruce Ave', 'Nanjing', '210001', 'China', TRUE);
INSERT INTO user_addresses (user_id, address_line, city, postal_code, country, is_default) VALUES (9, '369 Willow Rd', 'Wuhan', '430001', 'China', FALSE);
INSERT INTO user_addresses (user_id, address_line, city, postal_code, country, is_default) VALUES (10, '159 Aspen Blvd', 'Xi’an', '710001', 'China', TRUE);
INSERT INTO user_addresses (user_id, address_line, city, postal_code, country, is_default) VALUES (11, '357 Redwood Ln', 'Tianjin', '300001', 'China', TRUE);
INSERT INTO user_addresses (user_id, address_line, city, postal_code, country, is_default) VALUES (12, '753 Sequoia Dr', 'Suzhou', '215001', 'China', FALSE);
INSERT INTO user_addresses (user_id, address_line, city, postal_code, country, is_default) VALUES (13, '951 Fir St', 'Dalian', '116001', 'China', TRUE);
INSERT INTO user_addresses (user_id, address_line, city, postal_code, country, is_default) VALUES (14, '852 Cypress Ave', 'Qingdao', '266001', 'China', TRUE);
INSERT INTO user_addresses (user_id, address_line, city, postal_code, country, is_default) VALUES (15, '741 Palm Rd', 'Xiamen', '361001', 'China', FALSE);
INSERT INTO user_addresses (user_id, address_line, city, postal_code, country, is_default) VALUES (16, '630 Olive Blvd', 'Changsha', '410001', 'China', TRUE);
INSERT INTO user_addresses (user_id, address_line, city, postal_code, country, is_default) VALUES (17, '520 Cherry Ln', 'Zhengzhou', '450001', 'China', TRUE);
INSERT INTO user_addresses (user_id, address_line, city, postal_code, country, is_default) VALUES (18, '410 Peach Dr', 'Harbin', '150001', 'China', FALSE);
INSERT INTO user_addresses (user_id, address_line, city, postal_code, country, is_default) VALUES (19, '300 Plum St', 'Kunming', '650001', 'China', TRUE);
INSERT INTO user_addresses (user_id, address_line, city, postal_code, country, is_default) VALUES (20, '200 Orange Ave', 'Fuzhou', '350001', 'China', TRUE);

INSERT INTO orders (user_id, total_amount, status, order_date) VALUES (1, 1299.98, 'delivered', '2025-03-01 10:30:00');
INSERT INTO orders (user_id, total_amount, status, order_date) VALUES (2, 89.99, 'shipped', '2025-03-02 14:15:00');
INSERT INTO orders (user_id, total_amount, status, order_date) VALUES (3, 2499.99, 'paid', '2025-03-03 09:00:00');
INSERT INTO orders (user_id, total_amount, status, order_date) VALUES (4, 109.98, 'pending', '2025-03-04 16:45:00');
INSERT INTO orders (user_id, total_amount, status, order_date) VALUES (5, 199.99, 'delivered', '2025-02-28 11:20:00');
INSERT INTO orders (user_id, total_amount, status, order_date) VALUES (6, 359.97, 'shipped', '2025-03-05 13:10:00');
INSERT INTO orders (user_id, total_amount, status, order_date) VALUES (7, 79.99, 'delivered', '2025-03-01 17:50:00');
INSERT INTO orders (user_id, total_amount, status, order_date) VALUES (8, 159.98, 'paid', '2025-03-06 08:30:00');
INSERT INTO orders (user_id, total_amount, status, order_date) VALUES (9, 89.99, 'pending', '2025-03-07 12:00:00');
INSERT INTO orders (user_id, total_amount, status, order_date) VALUES (10, 299.98, 'shipped', '2025-03-08 15:30:00');
INSERT INTO orders (user_id, total_amount, status, order_date) VALUES (11, 59.99, 'delivered', '2025-03-02 10:00:00');
INSERT INTO orders (user_id, total_amount, status, order_date) VALUES (12, 189.98, 'paid', '2025-03-09 14:20:00');
INSERT INTO orders (user_id, total_amount, status, order_date) VALUES (13, 69.99, 'pending', '2025-03-10 09:45:00');
INSERT INTO orders (user_id, total_amount, status, order_date) VALUES (14, 109.98, 'shipped', '2025-03-11 16:10:00');
INSERT INTO orders (user_id, total_amount, status, order_date) VALUES (15, 2499.99, 'delivered', '2025-02-27 11:00:00');
INSERT INTO orders (user_id, total_amount, status, order_date) VALUES (16, 149.98, 'paid', '2025-03-12 13:30:00');
INSERT INTO orders (user_id, total_amount, status, order_date) VALUES (17, 129.99, 'pending', '2025-03-13 08:15:00');
INSERT INTO orders (user_id, total_amount, status, order_date) VALUES (18, 39.98, 'shipped', '2025-03-14 17:00:00');
INSERT INTO orders (user_id, total_amount, status, order_date) VALUES (19, 199.99, 'delivered', '2025-03-03 12:30:00');
INSERT INTO orders (user_id, total_amount, status, order_date) VALUES (20, 89.99, 'paid', '2025-03-15 10:45:00');

INSERT INTO order_items (order_id, product_id, quantity, unit_price) VALUES (1, 1, 1, 999.99);
INSERT INTO order_items (order_id, product_id, quantity, unit_price) VALUES (1, 6, 3, 89.99);
INSERT INTO order_items (order_id, product_id, quantity, unit_price) VALUES (2, 6, 1, 89.99);
INSERT INTO order_items (order_id, product_id, quantity, unit_price) VALUES (3, 3, 1, 2499.99);
INSERT INTO order_items (order_id, product_id, quantity, unit_price) VALUES (4, 10, 2, 19.99);
INSERT INTO order_items (order_id, product_id, quantity, unit_price) VALUES (4, 11, 1, 49.99);
INSERT INTO order_items (order_id, product_id, quantity, unit_price) VALUES (5, 13, 1, 199.99);
INSERT INTO order_items (order_id, product_id, quantity, unit_price) VALUES (6, 16, 1, 129.99);
INSERT INTO order_items (order_id, product_id, quantity, unit_price) VALUES (6, 17, 1, 59.99);
INSERT INTO order_items (order_id, product_id, quantity, unit_price) VALUES (6, 18, 2, 35.99);
INSERT INTO order_items (order_id, product_id, quantity, unit_price) VALUES (7, 16, 1, 79.99);
INSERT INTO order_items (order_id, product_id, quantity, unit_price) VALUES (8, 12, 1, 89.99);
INSERT INTO order_items (order_id, product_id, quantity, unit_price) VALUES (8, 14, 1, 29.99);
INSERT INTO order_items (order_id, product_id, quantity, unit_price) VALUES (9, 12, 1, 89.99);
INSERT INTO order_items (order_id, product_id, quantity, unit_price) VALUES (10, 2, 1, 899.99);
INSERT INTO order_items (order_id, product_id, quantity, unit_price) VALUES (10, 19, 1, 25.99);
INSERT INTO order_items (order_id, product_id, quantity, unit_price) VALUES (11, 17, 1, 59.99);
INSERT INTO order_items (order_id, product_id, quantity, unit_price) VALUES (12, 10, 5, 19.99);
INSERT INTO order_items (order_id, product_id, quantity, unit_price) VALUES (12, 11, 2, 49.99);
INSERT INTO order_items (order_id, product_id, quantity, unit_price) VALUES (13, 20, 1, 69.99);
INSERT INTO order_items (order_id, product_id, quantity, unit_price) VALUES (14, 7, 2, 12.99);
INSERT INTO order_items (order_id, product_id, quantity, unit_price) VALUES (14, 8, 2, 14.99);
INSERT INTO order_items (order_id, product_id, quantity, unit_price) VALUES (15, 3, 1, 2499.99);
INSERT INTO order_items (order_id, product_id, quantity, unit_price) VALUES (16, 8, 3, 14.99);
INSERT INTO order_items (order_id, product_id, quantity, unit_price) VALUES (16, 9, 3, 16.99);
INSERT INTO order_items (order_id, product_id, quantity, unit_price) VALUES (17, 16, 1, 129.99);
INSERT INTO order_items (order_id, product_id, quantity, unit_price) VALUES (18, 18, 1, 35.99);
INSERT INTO order_items (order_id, product_id, quantity, unit_price) VALUES (18, 19, 1, 25.99);
INSERT INTO order_items (order_id, product_id, quantity, unit_price) VALUES (19, 13, 1, 199.99);
INSERT INTO order_items (order_id, product_id, quantity, unit_price) VALUES (20, 12, 1, 89.99);

INSERT INTO payments (order_id, amount, payment_method, payment_status, transaction_id, paid_at) VALUES (1, 1299.98, 'Credit Card', 'completed', 'txn_001', '2025-03-01 10:35:00');
INSERT INTO payments (order_id, amount, payment_method, payment_status, transaction_id, paid_at) VALUES (2, 89.99, 'Alipay', 'completed', 'txn_002', '2025-03-02 14:20:00');
INSERT INTO payments (order_id, amount, payment_method, payment_status, transaction_id, paid_at) VALUES (3, 2499.99, 'WeChat Pay', 'completed', 'txn_003', '2025-03-03 09:05:00');
INSERT INTO payments (order_id, amount, payment_method, payment_status, transaction_id, paid_at) VALUES (4, 109.98, 'Credit Card', 'pending', NULL, NULL);
INSERT INTO payments (order_id, amount, payment_method, payment_status, transaction_id, paid_at) VALUES (5, 199.99, 'Alipay', 'completed', 'txn_005', '2025-02-28 11:25:00');
INSERT INTO payments (order_id, amount, payment_method, payment_status, transaction_id, paid_at) VALUES (6, 359.97, 'WeChat Pay', 'completed', 'txn_006', '2025-03-05 13:15:00');
INSERT INTO payments (order_id, amount, payment_method, payment_status, transaction_id, paid_at) VALUES (7, 79.99, 'Credit Card', 'completed', 'txn_007', '2025-03-01 17:55:00');
INSERT INTO payments (order_id, amount, payment_method, payment_status, transaction_id, paid_at) VALUES (8, 159.98, 'Alipay', 'completed', 'txn_008', '2025-03-06 08:35:00');
INSERT INTO payments (order_id, amount, payment_method, payment_status, transaction_id, paid_at) VALUES (9, 89.99, 'WeChat Pay', 'pending', NULL, NULL);
INSERT INTO payments (order_id, amount, payment_method, payment_status, transaction_id, paid_at) VALUES (10, 299.98, 'Credit Card', 'completed', 'txn_010', '2025-03-08 15:35:00');
INSERT INTO payments (order_id, amount, payment_method, payment_status, transaction_id, paid_at) VALUES (11, 59.99, 'Alipay', 'completed', 'txn_011', '2025-03-02 10:05:00');
INSERT INTO payments (order_id, amount, payment_method, payment_status, transaction_id, paid_at) VALUES (12, 189.98, 'WeChat Pay', 'completed', 'txn_012', '2025-03-09 14:25:00');
INSERT INTO payments (order_id, amount, payment_method, payment_status, transaction_id, paid_at) VALUES (13, 69.99, 'Credit Card', 'pending', NULL, NULL);
INSERT INTO payments (order_id, amount, payment_method, payment_status, transaction_id, paid_at) VALUES (14, 109.98, 'Alipay', 'completed', 'txn_014', '2025-03-11 16:15:00');
INSERT INTO payments (order_id, amount, payment_method, payment_status, transaction_id, paid_at) VALUES (15, 2499.99, 'Credit Card', 'completed', 'txn_015', '2025-02-27 11:05:00');
INSERT INTO payments (order_id, amount, payment_method, payment_status, transaction_id, paid_at) VALUES (16, 149.98, 'WeChat Pay', 'completed', 'txn_016', '2025-03-12 13:35:00');
INSERT INTO payments (order_id, amount, payment_method, payment_status, transaction_id, paid_at) VALUES (17, 129.99, 'Alipay', 'pending', NULL, NULL);
INSERT INTO payments (order_id, amount, payment_method, payment_status, transaction_id, paid_at) VALUES (18, 39.98, 'Credit Card', 'completed', 'txn_018', '2025-03-14 17:05:00');
INSERT INTO payments (order_id, amount, payment_method, payment_status, transaction_id, paid_at) VALUES (19, 199.99, 'WeChat Pay', 'completed', 'txn_019', '2025-03-03 12:35:00');
INSERT INTO payments (order_id, amount, payment_method, payment_status, transaction_id, paid_at) VALUES (20, 89.99, 'Alipay', 'completed', 'txn_020', '2025-03-15 10:50:00');

INSERT INTO coupons (code, discount_percent, valid_from, valid_until, is_active) VALUES ('WELCOME10', 10.00, '2025-01-01', '2025-12-31', TRUE);
INSERT INTO coupons (code, discount_percent, valid_from, valid_until, is_active) VALUES ('SPRING20', 20.00, '2025-03-01', '2025-04-30', TRUE);
INSERT INTO coupons (code, discount_percent, valid_from, valid_until, is_active) VALUES ('SUMMER25', 25.00, '2025-06-01', '2025-08-31', FALSE);
INSERT INTO coupons (code, discount_percent, valid_from, valid_until, is_active) VALUES ('HOLIDAY30', 30.00, '2025-12-01', '2025-12-31', FALSE);
INSERT INTO coupons (code, discount_percent, valid_from, valid_until, is_active) VALUES ('FLASH5', 5.00, '2025-03-15', '2025-03-16', TRUE);
INSERT INTO coupons (code, discount_percent, valid_from, valid_until, is_active) VALUES ('VIP15', 15.00, '2025-01-01', '2025-12-31', TRUE);
INSERT INTO coupons (code, discount_percent, valid_from, valid_until, is_active) VALUES ('NEWUSER10', 10.00, '2025-01-01', '2025-12-31', TRUE);
INSERT INTO coupons (code, discount_percent, valid_from, valid_until, is_active) VALUES ('ELECTRO15', 15.00, '2025-03-01', '2025-03-31', TRUE);
INSERT INTO coupons (code, discount_percent, valid_from, valid_until, is_active) VALUES ('BOOKS20', 20.00, '2025-03-01', '2025-03-31', TRUE);
INSERT INTO coupons (code, discount_percent, valid_from, valid_until, is_active) VALUES ('FASHION10', 10.00, '2025-03-01', '2025-04-15', TRUE);
INSERT INTO coupons (code, discount_percent, valid_from, valid_until, is_active) VALUES ('FITNESS25', 25.00, '2025-05-01', '2025-06-30', FALSE);
INSERT INTO coupons (code, discount_percent, valid_from, valid_until, is_active) VALUES ('KITCHEN15', 15.00, '2025-03-01', '2025-04-30', TRUE);
INSERT INTO coupons (code, discount_percent, valid_from, valid_until, is_active) VALUES ('BACKTOSCHOOL', 12.00, '2025-08-01', '2025-09-15', FALSE);
INSERT INTO coupons (code, discount_percent, valid_from, valid_until, is_active) VALUES ('LOYALTY5', 5.00, '2025-01-01', '2025-12-31', TRUE);
INSERT INTO coupons (code, discount_percent, valid_from, valid_until, is_active) VALUES ('FREESHIP', 0.00, '2025-03-01', '2025-03-31', TRUE);

INSERT INTO user_coupons (user_id, coupon_id, used, used_at) VALUES (1, 1, TRUE, '2025-03-01 10:30:00');
INSERT INTO user_coupons (user_id, coupon_id, used, used_at) VALUES (2, 1, TRUE, '2025-03-02 14:15:00');
INSERT INTO user_coupons (user_id, coupon_id, used, used_at) VALUES (3, 2, FALSE, NULL);
INSERT INTO user_coupons (user_id, coupon_id, used, used_at) VALUES (4, 3, FALSE, NULL);
INSERT INTO user_coupons (user_id, coupon_id, used, used_at) VALUES (5, 4, FALSE, NULL);
INSERT INTO user_coupons (user_id, coupon_id, used, used_at) VALUES (6, 5, TRUE, '2025-03-05 13:10:00');
INSERT INTO user_coupons (user_id, coupon_id, used, used_at) VALUES (7, 6, TRUE, '2025-03-01 17:50:00');
INSERT INTO user_coupons (user_id, coupon_id, used, used_at) VALUES (8, 7, TRUE, '2025-03-06 08:30:00');
INSERT INTO user_coupons (user_id, coupon_id, used, used_at) VALUES (9, 8, FALSE, NULL);
INSERT INTO user_coupons (user_id, coupon_id, used, used_at) VALUES (10, 9, TRUE, '2025-03-08 15:30:00');
INSERT INTO user_coupons (user_id, coupon_id, used, used_at) VALUES (11, 10, TRUE, '2025-03-02 10:00:00');
INSERT INTO user_coupons (user_id, coupon_id, used, used_at) VALUES (12, 11, FALSE, NULL);
INSERT INTO user_coupons (user_id, coupon_id, used, used_at) VALUES (13, 12, FALSE, NULL);
INSERT INTO user_coupons (user_id, coupon_id, used, used_at) VALUES (14, 13, FALSE, NULL);
INSERT INTO user_coupons (user_id, coupon_id, used, used_at) VALUES (15, 14, TRUE, '2025-02-27 11:00:00');
INSERT INTO user_coupons (user_id, coupon_id, used, used_at) VALUES (16, 15, TRUE, '2025-03-12 13:30:00');
INSERT INTO user_coupons (user_id, coupon_id, used, used_at) VALUES (17, 1, TRUE, '2025-03-13 08:15:00');
INSERT INTO user_coupons (user_id, coupon_id, used, used_at) VALUES (18, 2, FALSE, NULL);
INSERT INTO user_coupons (user_id, coupon_id, used, used_at) VALUES (19, 3, FALSE, NULL);
INSERT INTO user_coupons (user_id, coupon_id, used, used_at) VALUES (20, 4, FALSE, NULL);